{
  "lexical_rarity": {
    "p05": 5.389948558860406,
    "p95": 6.479058894862185
  },
  "difficult_word_ratio": {
    "p05": 0.0,
    "p95": 0.1330334291451746
  },
  "morphological_ratio": {
    "p05": 0.0,
    "p95": 0.01818181818181818
  },
  "clause_count": {
    "p05": 2.0,
    "p95": 28.0
  },
  "avg_word_length": {
    "p05": 3.9661016949152543,
    "p95": 5.0606060606060606
  }
}