{
  "thresholds": {
    "A1": 6.405795864656345,
    "A2": 6.318573837416777,
    "B1": 6.346054178441439,
    "B2": 6.232034206820356,
    "C1": 6.301839597104434,
    "C2": null
  },
  "statistics": {
    "A1": {
      "samples": 8162,
      "mean": 5.8993638193793645,
      "std": 0.49993400913426095,
      "p90": 6.405795864656345
    },
    "A2": {
      "samples": 8485,
      "mean": 5.887229475111696,
      "std": 0.35868440894524806,
      "p90": 6.318573837416777
    },
    "B1": {
      "samples": 6546,
      "mean": 6.00928883425292,
      "std": 0.31452584143288304,
      "p90": 6.346054178441439
    },
    "B2": {
      "samples": 4785,
      "mean": 5.926670821107545,
      "std": 0.2531931300727618,
      "p90": 6.232034206820356
    },
    "C1": {
      "samples": 3095,
      "mean": 6.0275142898127525,
      "std": 0.2636107764721309,
      "p90": 6.301839597104434
    },
    "C2": {
      "samples": 0
    }
  }
}