{
  "thresholds": {
    "A1": 7.8615476570583,
    "A2": 7.436902809064431,
    "B1": 7.570309865986617,
    "B2": 7.844171584903421,
    "C1": 8.29339464861453,
    "C2": 8.37870373326592
  },
  "statistics": {
    "A1": {
      "samples": 346,
      "mean": 6.532579180977069,
      "std": 1.0085181719903686,
      "p90": 7.8615476570583
    },
    "A2": {
      "samples": 2209,
      "mean": 6.4217496488896035,
      "std": 0.8106509256597616,
      "p90": 7.436902809064431
    },
    "B1": {
      "samples": 4421,
      "mean": 6.621333153332552,
      "std": 0.7359232095274878,
      "p90": 7.570309865986617
    },
    "B2": {
      "samples": 4763,
      "mean": 6.935594496893728,
      "std": 0.683380236506247,
      "p90": 7.844171584903421
    },
    "C1": {
      "samples": 2406,
      "mean": 7.2519759470357625,
      "std": 0.7430239113619368,
      "p90": 8.29339464861453
    },
    "C2": {
      "samples": 508,
      "mean": 7.1976161634557,
      "std": 0.8238715333314924,
      "p90": 8.37870373326592
    }
  }
}