{
  "lexical_rarity": {
    "p05": 5.674147242450083,
    "p95": 8.233390765448434
  },
  "difficult_word_ratio": {
    "p05": 0.0,
    "p95": 0.5833333333333334
  },
  "morphological_ratio": {
    "p05": 0.0,
    "p95": 0.1724137931034483
  },
  "clause_count": {
    "p05": 1.0,
    "p95": 38.0
  },
  "avg_word_length": {
    "p05": 3.4,
    "p95": 6.166666666666667
  }
}